"Analysis_Type","Comparison","Species","Average_Dissimilarity","Standard_Deviation","Ratio","Average_Abundance_Group1","Average_Abundance_Group2","Cumulative_Contribution","P_value"
"River_Basin","Sorojo_Serinhaem","Vitta virginea",0.111793470922869,0.169303989791294,0.660312087510049,8.08333333333333,35,0.121481738477841,0.0374
"River_Basin","Sorojo_Serinhaem","Cerithium atratum",0.102355944151668,0.132890988456223,0.770224868824618,18.1666666666667,2.25,0.232708073400964,0.6396
"River_Basin","Sorojo_Serinhaem","Bittiolum varium",0.0792395565188173,0.0812867951035816,0.974814622938995,20.6666666666667,5.5,0.318814703803025,0.6141
"River_Basin","Sorojo_Serinhaem","Olivella minuta",0.0573958497877735,0.124209014607823,0.462090855232969,2.25,5.75,0.381184603906067,0.1402
"River_Basin","Sorojo_Serinhaem","Schwartziella bryerea",0.044621439986696,0.0505420632684771,0.882857507214714,11,1.5,0.429673035817341,0.8586
"River_Basin","Sorojo_Serinhaem","Solariorbis schumoi",0.0345451739662593,0.104335002286176,0.331098607459716,1.41666666666667,1.5,0.467211970379414,0.2084
"River_Basin","Sorojo_Serinhaem","Turbonilla rushi",0.0337504223244173,0.0356014555304303,0.948006811001566,7.91666666666667,2,0.503887278378039,0.0915
"River_Basin","Sorojo_Serinhaem","Eulithidium affine",0.0292613032589172,0.0417030316099593,0.701658899347958,2.58333333333333,3.25,0.535684430400209,0.906
"River_Basin","Sorojo_Serinhaem","Barleeia rubrooperculata",0.0288227058791716,0.050313644136165,0.57286063003443,2.5,3,0.56700497523107,0.0456
"River_Basin","Sorojo_Serinhaem","Stosicia aberrans",0.0286600915638821,0.061350476793799,0.467153526128405,2.08333333333333,0.625,0.598148813233171,0.4559
"River_Basin","Sorojo_Serinhaem","Phrontis polygonata",0.0255880662174288,0.0541036478823836,0.472945304410064,0.166666666666667,2,0.625954397429802,0.2511
"River_Basin","Sorojo_Serinhaem","Turbonilla fasciata",0.0229016581151177,0.0495288340171206,0.462390414989404,2.75,0,0.650840763501834,0.278
"River_Basin","Sorojo_Serinhaem","Costoanachis sertulariarum",0.0222126273737603,0.0225923578131851,0.98319208457281,4.08333333333333,1.625,0.674978385916176,0.2352
"River_Basin","Sorojo_Serinhaem","Rissoina catesbyana",0.0210709340827644,0.0615618980631397,0.342272326645183,0,4.125,0.69787537339313,0.1823
"River_Basin","Sorojo_Serinhaem","Eulithidium bellum",0.019062117618079,0.0332801208912124,0.572777895861322,5.75,0.625,0.71858945596161,0.6191
"River_Basin","Sorojo_Serinhaem","Peristichia agria",0.0153052347155972,0.0314804965950094,0.486181489208893,5.75,0,0.735221075909657,0.2632
"River_Basin","Sorojo_Serinhaem","Finella dubia",0.0133102715018148,0.026605553454785,0.500281699624668,4.5,0.125,0.749684844753261,0.3629
"River_Basin","Sorojo_Serinhaem","Anachis isabellei",0.0116470829407928,0.0183134936059069,0.635983673646851,0.666666666666667,2.25,0.762341289464771,0.4036
"River_Basin","Sorojo_Serinhaem","Triphora pulchella",0.0114690135052279,0.016817939693835,0.681951161320437,1.5,1,0.774804232852602,0.1836
"River_Basin","Sorojo_Serinhaem","Boonea jadisi",0.010857216189413,0.031607676819826,0.343499341989058,2.75,0,0.786602359226455,0.73
"River_Basin","Sorojo_Serinhaem","Pyrgocythara caribaea",0.00946478434083641,0.0291031140820274,0.325215518660987,0.333333333333333,0.5,0.796887382551618,0.4062
"River_Basin","Sorojo_Serinhaem","Cerithiopsis emersoni",0.00846896581958936,0.0133288008655318,0.635388427288315,1.41666666666667,0.625,0.806090287536856,0.6259
"River_Basin","Sorojo_Serinhaem","Olivella mutica",0.00775483269701042,0.0208525248662382,0.371889387340623,0.25,1.25,0.81451717105573,0.1847
"River_Basin","Sorojo_Serinhaem","Cerithiopsis gemmulosa",0.00680050562769258,0.0156910762153441,0.433399566375342,0.75,0.25,0.821907023426898,0.5996
"River_Basin","Sorojo_Serinhaem","Triphora nigrocincta",0.00673995972035805,0.0116956556057741,0.576278914798976,1.5,0.125,0.829231082849515,0.5577
"River_Basin","Sorojo_Serinhaem","Siliquaria squamata (Tenagodus squamatus)",0.00569954663153415,0.0168826636397054,0.337597594382542,0,1,0.835424564701527,0.1778
"River_Basin","Sorojo_Serinhaem","Olivella watermami",0.00563988304117621,0.01245044898432,0.452986317865245,1.08333333333333,0,0.841553212385492,0.2645
"River_Basin","Sorojo_Serinhaem","Siratus carolinae",0.00556852909368739,0.0187740878221407,0.296607171887217,0,0.5,0.84760432243227,0.1712
"River_Basin","Sorojo_Serinhaem","Anachis coseli",0.00528533388471415,0.0122007483152862,0.433197517736857,0,1.125,0.853347694951707,0.1666
"River_Basin","Sorojo_Serinhaem","Cylichna discus",0.0050676640736696,0.00677383721139046,0.748123097075338,1.5,0,0.858854533916532,0.4581
"River_Basin","Sorojo_Serinhaem","Pilsbryspira zebroides",0.00496813509898017,0.0110144035623658,0.451058023328232,0.583333333333333,0,0.864253218507275,0.6626
"River_Basin","Sorojo_Serinhaem","Triphora turristhomae",0.00471793656743132,0.0160826556828821,0.293355566422587,1.75,0,0.869380021812587,0.3931
"River_Basin","Sorojo_Serinhaem","Littoraria sp",0.00452000543755443,0.018897284205878,0.239188096464596,0.0833333333333333,0.125,0.874291740841888,0.1463
"River_Basin","Sorojo_Serinhaem","Isellica anomala",0.0045030030657921,0.0101396610586948,0.444097987075294,0.916666666666667,0,0.879184984036572,0.2964
"River_Basin","Sorojo_Serinhaem","Littorina angulifera",0.00439642492419176,0.0189200028601952,0.232369146911768,0,0.125,0.883962412793987,0.7077
"River_Basin","Sorojo_Serinhaem","Littorina flava ",0.00439642492419176,0.0189200028601952,0.232369146911768,0,0.125,0.888739841551401,0.1467
"River_Basin","Sorojo_Serinhaem","Ciclosyremiscus caraboboensis",0.00439642492419176,0.0189200028601952,0.232369146911768,0,0.125,0.893517270308816,0.1467
"River_Basin","Sorojo_Serinhaem","Acteocina bullata",0.00414808531920392,0.00548860104308589,0.755763679422346,0.583333333333333,1,0.898024837806018,0.4519
"River_Basin","Sorojo_Serinhaem","Natica  pusilla",0.00386287989077926,0.00482033203404344,0.801372159323838,0.5,0.875,0.902222483346398,0.672
"River_Basin","Sorojo_Serinhaem","Triphora pompona",0.00368456083829675,0.0119026179765294,0.309558858863005,0,0.375,0.906226356313832,0.4854
"River_Basin","Sorojo_Serinhaem","Alaba incerta ",0.00342383817613072,0.00680318574924659,0.50326983597499,0.166666666666667,0.5,0.909946911820961,0.8979
"River_Basin","Sorojo_Serinhaem","Hastula hastata",0.00336551693292422,0.00710757126812196,0.47351152819513,0,0.5,0.913604091837943,0.0446
"River_Basin","Sorojo_Serinhaem","Epitonium angulatum",0.00330972748356681,0.00451863584880978,0.732461653097937,0.416666666666667,0.375,0.91720064756944,0.0565
"River_Basin","Sorojo_Serinhaem","Costoanachis sparsa",0.00303522258897166,0.00579623497830237,0.523654165218234,0.333333333333333,0.25,0.920498909209692,0.7585
"River_Basin","Sorojo_Serinhaem","Barlleia sp",0.00293147839185518,0.00997296580748826,0.293942488968934,0.166666666666667,0.125,0.923684435953007,0.1666
"River_Basin","Sorojo_Serinhaem","Volvarina gracilis",0.0028698864590615,0.0137369542956767,0.208917231381101,0.0833333333333333,0,0.92680303307145,0.4668
"River_Basin","Sorojo_Serinhaem","Siliquaria sp",0.00284977331576708,0.0084413318198527,0.337597594382542,0,0.5,0.929899773997456,0.1778
"River_Basin","Sorojo_Serinhaem","Ithycytara sp.",0.00255405261609266,0.00746204825007754,0.342272326645183,0,0.5,0.932675166418905,0.1823
"River_Basin","Sorojo_Serinhaem","Seila adamsii",0.00247759135393346,0.00340094626224869,0.728500588625971,0.666666666666667,0,0.935367471277399,0.1048
"River_Basin","Sorojo_Serinhaem","Anachis sp 2",0.00213732998682531,0.00633099886488953,0.337597594382542,0,0.375,0.937690026971903,0.1778
"River_Basin","Sorojo_Serinhaem","Olivella sp2",0.00213732998682531,0.00633099886488953,0.337597594382542,0,0.375,0.940012582666408,0.1778
"River_Basin","Sorojo_Serinhaem","Turbonilla krebsii",0.00213732998682531,0.00633099886488953,0.337597594382542,0,0.375,0.942335138360913,0.1778
"River_Basin","Sorojo_Serinhaem","Serpulorbis decussatus (Thylacodes decussatus)",0.00213732998682531,0.00633099886488953,0.337597594382542,0,0.375,0.944657694055418,0.1778
"River_Basin","Sorojo_Serinhaem","Volvarina brasiliana",0.00208354390655446,0.00403678938661853,0.5161388685427,0.0833333333333333,0.375,0.946921802449885,0.0442
"River_Basin","Sorojo_Serinhaem","Anachis sp",0.00194063027504068,0.00429260118675319,0.452087252137328,0,0.25,0.949030612003865,0.0473
"River_Basin","Sorojo_Serinhaem","Mitrella sp",0.00194063027504068,0.00429260118675319,0.452087252137328,0,0.25,0.951139421557844,0.0473
"River_Basin","Sorojo_Serinhaem","Ithycytara lanceolata",0.0018712859609245,0.00315927505240791,0.59231498678732,0.5,0,0.953172877267249,0.1644
"River_Basin","Sorojo_Serinhaem","Parvanachis obesa",0.00177237100713127,0.00581341466468445,0.304876068431543,0.166666666666667,0,0.955098845835866,0.3946
"River_Basin","Sorojo_Serinhaem","Turbonilla rachialis",0.00174817621433262,0.00433333317886598,0.403425294611229,0.0833333333333333,0.75,0.956998522837837,0.5518
"River_Basin","Sorojo_Serinhaem","Syntomodrillia hypsela",0.00169782117767685,0.00588049184122299,0.288720947757279,0.416666666666667,0,0.958843480925157,0.58
"River_Basin","Sorojo_Serinhaem","Atys guildingi",0.00159659807596283,0.00394136709742394,0.405087381230324,0.0833333333333333,0.25,0.960578443694603,0.6861
"River_Basin","Sorojo_Serinhaem","Pleuroploca aurantiaca",0.00154477654661071,0.00376504780077879,0.410294006437628,0.0833333333333333,0.25,0.962257093967225,0.7139
"River_Basin","Sorojo_Serinhaem","Bulla striata",0.0014819667777527,0.00308464775273943,0.480433066121273,0.25,0.125,0.963867491238565,0.2586
"River_Basin","Sorojo_Serinhaem","Turbonilla fluminensis",0.00147734367411694,0.00364610034046704,0.405184590703751,0.25,0.25,0.965472864757961,0.9262
"River_Basin","Sorojo_Serinhaem","Mirachelus clinocnemus",0.00143719897784413,0.00578129362962136,0.2485947038705,0.0833333333333333,0,0.967034614553596,0.4556
"River_Basin","Sorojo_Serinhaem","Thais rustica",0.00143719897784413,0.00578129362962136,0.2485947038705,0.0833333333333333,0,0.968596364349231,0.4556
"River_Basin","Sorojo_Serinhaem","Vexillum pulchellum",0.00143362755245589,0.00497862845723125,0.287956324672833,0.333333333333333,0,0.970154233211914,0.4056
"River_Basin","Sorojo_Serinhaem","Cerithiopsis lata",0.00142488665788354,0.00422066590992635,0.337597594382542,0,0.25,0.971702603674918,0.1778
"River_Basin","Sorojo_Serinhaem","Astyris lunata",0.00142488665788354,0.00422066590992635,0.337597594382542,0,0.25,0.973250974137921,0.2268
"River_Basin","Sorojo_Serinhaem","Mitrella dichoroa",0.00142488665788354,0.00422066590992635,0.337597594382542,0,0.25,0.974799344600924,0.1778
"River_Basin","Sorojo_Serinhaem","Siliquaria modesta (Tenagodus modestus)",0.00142488665788354,0.00422066590992635,0.337597594382542,0,0.25,0.976347715063927,0.1778
"River_Basin","Sorojo_Serinhaem","Calliostoma pulchrum",0.00136328815864365,0.0044917012823191,0.303512649875011,0,0.125,0.97782914876655,0.1779
"River_Basin","Sorojo_Serinhaem","Tenaturris decora",0.00134798187640895,0.00459504448082347,0.293355566422587,0.5,0,0.979293949710925,0.5623
"River_Basin","Sorojo_Serinhaem","Hastula imitatrix",0.00122818694609892,0.00396753932550981,0.309558858863005,0,0.125,0.980628574033403,0.1804
"River_Basin","Sorojo_Serinhaem","Tenaturris gemma",0.00122818694609892,0.00396753932550981,0.309558858863005,0,0.125,0.98196319835588,0.1804
"River_Basin","Sorojo_Serinhaem","Boonea seminuda",0.00100110450287421,0.00180099167950909,0.555862925000901,0.166666666666667,0.25,0.983051060772202,0.7142
"River_Basin","Sorojo_Serinhaem","Pugilina morio",0.000926058364132601,0.00211209146050323,0.43845561683771,0.0833333333333333,0.125,0.984057373386688,0.4024
"River_Basin","Sorojo_Serinhaem","Attiliosa sp",0.000905308661759398,0.00191483094566038,0.472787774717719,0,0.25,0.98504113808405,0.0469
"River_Basin","Sorojo_Serinhaem","Ciclosyremiscus pentagonus",0.000848883121227249,0.00161536895859071,0.52550416839001,0.25,0,0.985963587279696,0.3745
"River_Basin","Sorojo_Serinhaem","Turbonilla uruguayesis",0.000845900081179842,0.0021310558426,0.396939425176114,0.0833333333333333,0.125,0.986882794918496,0.2606
"River_Basin","Sorojo_Serinhaem","Heliacus bisulcatus",0.000712443328941769,0.00211033295496318,0.337597594382542,0,0.125,0.987656980149997,0.1778
"River_Basin","Sorojo_Serinhaem","Caecum jucundum",0.000712443328941769,0.00211033295496318,0.337597594382542,0,0.125,0.988431165381499,0.1778
"River_Basin","Sorojo_Serinhaem","Tenaturris sp",0.000712443328941769,0.00211033295496318,0.337597594382542,0,0.125,0.989205350613,0.2493
"River_Basin","Sorojo_Serinhaem","Petaloconchus secretus",0.000712443328941769,0.00211033295496318,0.337597594382542,0,0.125,0.989979535844502,0.1778
"River_Basin","Sorojo_Serinhaem","Vexillum sp",0.000638513154023165,0.00186551206251939,0.342272326645183,0,0.125,0.990673383949864,0.1823
"River_Basin","Sorojo_Serinhaem","Siratus sp",0.000638513154023165,0.00186551206251939,0.342272326645183,0,0.125,0.991367232055226,0.1823
"River_Basin","Sorojo_Serinhaem","Stramonita haemastoma",0.000638513154023165,0.00186551206251939,0.342272326645183,0,0.125,0.992061080160589,0.1823
"River_Basin","Sorojo_Serinhaem","Dolichupis virgo",0.000627984543472586,0.00226540023530604,0.277206885426031,0.0833333333333333,0,0.992743487222902,0.41
"River_Basin","Sorojo_Serinhaem","Odostomia laevigata",0.000623474148541056,0.0015923631757963,0.391540169992484,0.25,0,0.993420993009559,0.8486
"River_Basin","Sorojo_Serinhaem","Polygona ogum",0.000564698604405604,0.00129327677807584,0.436641725869208,0.0833333333333333,0.125,0.994034629634425,0.255
"River_Basin","Sorojo_Serinhaem","Melampus caffea",0.000532553744518711,0.0013306930374625,0.400207808657538,0.166666666666667,0,0.994613335655296,0.3383
"River_Basin","Sorojo_Serinhaem","Pilsbryspira sp",0.000513711091940109,0.00126941398244826,0.404683656429668,0.166666666666667,0,0.995171566077958,0.9283
"River_Basin","Sorojo_Serinhaem","Amphissa cancelata",0.000449327292136316,0.00153168149360782,0.293355566422587,0.166666666666667,0,0.995659833059417,0.3929
"River_Basin","Sorojo_Serinhaem","Fusinus srigatus",0.000358406888113971,0.00124465711430781,0.287956324672833,0.0833333333333333,0,0.996049300275088,0.4056
"River_Basin","Sorojo_Serinhaem","Diadora sp",0.000358406888113971,0.00124465711430781,0.287956324672833,0.0833333333333333,0,0.996438767490759,0.4056
"River_Basin","Sorojo_Serinhaem","Turbinella laevigata",0.000358406888113971,0.00124465711430781,0.287956324672833,0.0833333333333333,0,0.996828234706429,0.4056
"River_Basin","Sorojo_Serinhaem","Calliostoma sp",0.000348293712809479,0.00117935152117607,0.295326462514039,0.166666666666667,0,0.997206712316828,0.4025
"River_Basin","Sorojo_Serinhaem","Rissoina princeps",0.00033956423553537,0.0011760983682446,0.288720947757279,0.0833333333333333,0,0.997575703934292,0.3978
"River_Basin","Sorojo_Serinhaem","Polystira sp",0.00033517202928714,0.00116016941323678,0.288899212014251,0.0833333333333333,0,0.997939922707274,0.4
"River_Basin","Sorojo_Serinhaem","Elachisina floridana",0.000266795507736233,0.000728514615146883,0.366218470006181,0,0.125,0.998229839299274,0.7257
"River_Basin","Sorojo_Serinhaem","Eulimastoma canaliculatum",0.000266795507736233,0.000728514615146883,0.366218470006181,0,0.125,0.998519755891275,0.8505
"River_Basin","Sorojo_Serinhaem","Zebina browniana",0.000266795507736233,0.000728514615146883,0.366218470006181,0,0.125,0.998809672483276,0.1692
"River_Basin","Sorojo_Serinhaem","Nassarina thetys",0.000224663646068158,0.000765840746803912,0.293355566422587,0.0833333333333333,0,0.999053805974005,0.3928
"River_Basin","Sorojo_Serinhaem","Mitrella ocelata",0.000174146856404739,0.000589675760588033,0.295326462514039,0.0833333333333333,0,0.999243044779204,0.4024
"River_Basin","Sorojo_Serinhaem","Oscilla tricordata",0.000174146856404739,0.000589675760588033,0.295326462514039,0.0833333333333333,0,0.999432283584403,0.7976
"River_Basin","Sorojo_Serinhaem","Turbonilla sp",0.000174146856404739,0.000589675760588033,0.295326462514039,0.0833333333333333,0,0.999621522389602,0.4024
"River_Basin","Sorojo_Serinhaem","Parvituboides interruptus",0.000174146856404739,0.000589675760588033,0.295326462514039,0.0833333333333333,0,0.999810761194801,0.4024
"River_Basin","Sorojo_Serinhaem","Vitrinella cupidinensis",0.000174146856404739,0.000589675760588033,0.295326462514039,0.0833333333333333,0,1,0.4024
"River_Basin","Sorojo_Serinhaem","Pseudodiala puncturina",0,0,NA,0,0,1,NA
"River_Basin","Sorojo_Serinhaem","Pisania pusio",0,0,NA,0,0,1,NA
"River_Basin","Sorojo_Serinhaem","Cerithiopsis cynthiae",0,0,NA,0,0,1,NA
"River_Basin","Sorojo_Serinhaem","Anachis obesa",0,0,NA,0,0,1,NA
"River_Basin","Sorojo_Serinhaem","Steironepio minus",0,0,NA,0,0,1,NA
"River_Basin","Sorojo_Serinhaem","Conus hencksi",0,0,NA,0,0,1,NA
"River_Basin","Sorojo_Serinhaem","Macrocypraea zebra",0,0,NA,0,0,1,NA
"River_Basin","Sorojo_Serinhaem","Melanela arcuata",0,0,NA,0,0,1,NA
"River_Basin","Sorojo_Serinhaem","Melanela breviuscula",0,0,NA,0,0,1,NA
"River_Basin","Sorojo_Serinhaem","Melanela polita",0,0,NA,0,0,1,NA
"River_Basin","Sorojo_Serinhaem","Fissurella nimbosa",0,0,NA,0,0,1,NA
"River_Basin","Sorojo_Serinhaem","Alaba sp",0,0,NA,0,0,1,NA
"River_Basin","Sorojo_Serinhaem","Littorina laceolata",0,0,NA,0,0,1,NA
"River_Basin","Sorojo_Serinhaem","Granulina ovuliformis",0,0,NA,0,0,1,NA
"River_Basin","Sorojo_Serinhaem","Smaragdia viridis",0,0,NA,0,0,1,NA
"River_Basin","Sorojo_Serinhaem","Olivella floralia",0,0,NA,0,0,1,NA
"River_Basin","Sorojo_Serinhaem","Pyramidella crenulata",0,0,NA,0,0,1,NA
"River_Basin","Sorojo_Serinhaem","Turbonilla multicostata",0,0,NA,0,0,1,NA
"River_Basin","Sorojo_Serinhaem","Turbonilla pusilla",0,0,NA,0,0,1,NA
"River_Basin","Sorojo_Serinhaem","Alvania auberiana",0,0,NA,0,0,1,NA
"River_Basin","Sorojo_Serinhaem","Alvania sp",0,0,NA,0,0,1,NA
"River_Basin","Sorojo_Serinhaem","Strombus pugilis",0,0,NA,0,0,1,NA
"River_Basin","Sorojo_Serinhaem","Cryoturris diadema",0,0,NA,0,0,1,NA
"River_Basin","Sorojo_Serinhaem","Polystira formosissima",0,0,NA,0,0,1,NA
"River_Basin","Sorojo_Marau","Cerithium atratum",0.129846973082627,0.158160049483527,0.820984651349339,18.1666666666667,16.8,0.148429101506479,0.1385
"River_Basin","Sorojo_Marau","Eulithidium affine",0.120943676113852,0.225753185364576,0.535734084631124,2.58333333333333,182.3,0.286680773858103,0.2036
"River_Basin","Sorojo_Marau","Bittiolum varium",0.0928179415483834,0.0843140521310465,1.10085969304523,20.6666666666667,24.1,0.392781696664678,0.1329
"River_Basin","Sorojo_Marau","Schwartziella bryerea",0.0639782164873674,0.0643823189366728,0.99372339400041,11,24.6,0.465915701745906,0.0827
"River_Basin","Sorojo_Marau","Vitta virginea",0.0357589381480595,0.0449741561614278,0.795099701697755,8.08333333333333,1.3,0.506792026654649,0.939
"River_Basin","Sorojo_Marau","Stosicia aberrans",0.0336359664774228,0.0692022968604728,0.486052746850879,2.08333333333333,0.9,0.545241565862381,0.21
"River_Basin","Sorojo_Marau","Turbonilla rushi",0.0304744592654641,0.0371538112613994,0.82022431160717,7.91666666666667,1.3,0.580077161181113,0.1986
"River_Basin","Sorojo_Marau","Turbonilla fasciata",0.0247989690709695,0.0618513634585396,0.400944582047781,2.75,0.3,0.608425058787849,0.114
"River_Basin","Sorojo_Marau","Eulithidium bellum",0.0236318390244237,0.0350050106844565,0.675098751931451,5.75,14.1,0.635438800810998,0.2923
"River_Basin","Sorojo_Marau","Boonea jadisi",0.0185589358986038,0.03608764590045,0.514273941553288,2.75,5.4,0.656653667164434,0.22
"River_Basin","Sorojo_Marau","Costoanachis sertulariarum",0.0183148653634796,0.0187168657216904,0.978522025846189,4.08333333333333,3,0.677589534559537,0.7738
"River_Basin","Sorojo_Marau","Olivella minuta",0.0165538700663434,0.0361523301574816,0.457892202085834,2.25,1,0.696512394307979,0.946
"River_Basin","Sorojo_Marau","Phrontis polygonata",0.0154955658146084,0.0453342569737701,0.341806987673227,0.166666666666667,0.7,0.714225498099265,0.7956
"River_Basin","Sorojo_Marau","Peristichia agria",0.0141202413685796,0.0304827965199071,0.463220011961772,5.75,0.2,0.730366457642921,0.3623
"River_Basin","Sorojo_Marau","Finella dubia",0.0132119005857663,0.0254053035214955,0.52004498094611,4.5,2.6,0.745469085656362,0.3509
"River_Basin","Sorojo_Marau","Pyrgocythara caribaea",0.0114069806518418,0.0399172405496633,0.28576576173019,0.333333333333333,0.4,0.758508495423559,0.1873
"River_Basin","Sorojo_Marau","Solariorbis schumoi",0.0106388702623381,0.0251281109420738,0.423385199423195,1.41666666666667,0.4,0.770669872131802,0.7479
"River_Basin","Sorojo_Marau","Anachis isabellei",0.0101370325494002,0.0230658452931897,0.439482378406187,0.666666666666667,1.7,0.782257594182834,0.6508
"River_Basin","Sorojo_Marau","Cerithiopsis gemmulosa",0.00952363177908085,0.0231854227666285,0.41075946188001,0.75,1.1,0.793144132963742,0.2018
"River_Basin","Sorojo_Marau","Cerithiopsis emersoni",0.0090396094973921,0.0169874658040177,0.532134080602779,1.41666666666667,0.7,0.803477382047751,0.56
"River_Basin","Sorojo_Marau","Triphora nigrocincta",0.00859767310040218,0.0134575385187922,0.638874121623083,1.5,0.9,0.813305450142392,0.1361
"River_Basin","Sorojo_Marau","Alaba incerta ",0.00830480528251814,0.0148739192554122,0.55834680422218,0.166666666666667,12.6,0.822798738718984,0.2624
"River_Basin","Sorojo_Marau","Barleeia rubrooperculata",0.00805868302066443,0.0181274247553404,0.444557521513931,2.5,0.1,0.832010682992199,0.974
"River_Basin","Sorojo_Marau","Triphora pulchella",0.00736865782378683,0.0130405837830469,0.565055824676062,1.5,0.4,0.840433854007494,0.7959
"River_Basin","Sorojo_Marau","Pilsbryspira zebroides",0.00731915466154084,0.012833311463766,0.570324711763289,0.583333333333333,1,0.848800437566651,0.1265
"River_Basin","Sorojo_Marau","Costoanachis sparsa",0.00712289335650496,0.01747414238121,0.407624775002648,0.333333333333333,1.7,0.856942673276372,0.3779
"River_Basin","Sorojo_Marau","Littorina angulifera",0.00644801538201618,0.0216548191088961,0.297763530121904,0,1.1,0.86431345063784,0.5836
"River_Basin","Sorojo_Marau","Turbonilla fluminensis",0.0063341934217086,0.0168269028056347,0.376432519690285,0.25,0.7,0.871554117216599,0.1846
"River_Basin","Sorojo_Marau","Cylichna discus",0.00611016292678108,0.00858708746708486,0.711552426850423,1.5,0.2,0.878538692765412,0.1156
"River_Basin","Sorojo_Marau","Olivella watermami",0.00558587572413472,0.0138421636584334,0.40354065028927,1.08333333333333,0,0.884923951467843,0.2166
"River_Basin","Sorojo_Marau","Steironepio minus",0.00548304534977486,0.019212317500611,0.285392189130775,0,0.7,0.891191663956362,0.2842
"River_Basin","Sorojo_Marau","Pleuroploca aurantiaca",0.00521778298364997,0.0201405986697988,0.259067918942953,0.0833333333333333,0.3,0.897156152936988,0.4451
"River_Basin","Sorojo_Marau","Pisania pusio",0.00498827760379758,0.0201939731853369,0.247018135461309,0,0.3,0.902858292503425,0.2898
"River_Basin","Sorojo_Marau","Conus hencksi",0.0049865847919919,0.0164391368796173,0.303336168346813,0,0.4,0.908558497003304,0.1095
"River_Basin","Sorojo_Marau","Isellica anomala",0.00475880887103625,0.0125137513173898,0.380286354613996,0.916666666666667,0.2,0.913998329047132,0.166
"River_Basin","Sorojo_Marau","Triphora turristhomae",0.00433777119236258,0.0154866480938962,0.280097485657482,1.75,0,0.918956869591727,0.62
"River_Basin","Sorojo_Marau","Alaba sp",0.00407903642520947,0.00886271117883435,0.460247021808732,0,5,0.92361964837842,0.0952
"River_Basin","Sorojo_Marau","Natica  pusilla",0.0038458687795271,0.00608288708653499,0.632243986254533,0.5,1.2,0.928015891385901,0.7275
"River_Basin","Sorojo_Marau","Volvarina gracilis",0.00379777447262812,0.0191986794022582,0.197814359678375,0.0833333333333333,0,0.93235715741093,0.2446
"River_Basin","Sorojo_Marau","Atys guildingi",0.0033663886900585,0.0153616510204225,0.219142375099074,0.0833333333333333,0.1,0.936205302937349,0.464
"River_Basin","Sorojo_Marau","Acteocina bullata",0.00326141094843107,0.00467289279034181,0.697942601031192,0.583333333333333,0.6,0.939933447577355,0.8546
"River_Basin","Sorojo_Marau","Seila adamsii",0.00237068228421809,0.00338643870634416,0.700051732747105,0.666666666666667,0.2,0.94264339323916,0.0928
"River_Basin","Sorojo_Marau","Syntomodrillia hypsela",0.0023099153581535,0.00597971427425009,0.386291928378666,0.416666666666667,2,0.945283875747355,0.3535
"River_Basin","Sorojo_Marau","Pilsbryspira sp",0.00221512592178973,0.00549089696635816,0.403417863303838,0.166666666666667,0.2,0.947816003701433,0.1792
"River_Basin","Sorojo_Marau","Triphora pompona",0.00208843464628898,0.00559851146265354,0.373033914500394,0,0.3,0.95020330985686,0.7742
"River_Basin","Sorojo_Marau","Tenaturris decora",0.00197761034559782,0.0049596993246256,0.398735934611743,0.5,0.1,0.952463931877985,0.4333
"River_Basin","Sorojo_Marau","Parvanachis obesa",0.00182885965128989,0.00658121649997533,0.277890820230081,0.166666666666667,0,0.954554515804417,0.3046
"River_Basin","Sorojo_Marau","Ithycytara lanceolata",0.00175635128138875,0.00315694581928661,0.556345082217989,0.5,0.1,0.956562214839961,0.1809
"River_Basin","Sorojo_Marau","Macrocypraea zebra",0.00170137848924603,0.00672270687824283,0.253079380086066,0,0.2,0.958507074042189,0.2756
"River_Basin","Sorojo_Marau","Boonea seminuda",0.00159681248076979,0.00395995171952732,0.403240391264264,0.166666666666667,0.3,0.960332403013425,0.5238
"River_Basin","Sorojo_Marau","Alvania auberiana",0.00158924126826783,0.0029510190218039,0.538539825235134,0,2.3,0.962149077271791,0.0373
"River_Basin","Sorojo_Marau","Melanela breviuscula",0.00153520056779264,0.0039980872297456,0.383983760126795,0,0.3,0.963903977178196,0.1295
"River_Basin","Sorojo_Marau","Mirachelus clinocnemus",0.0015192260663093,0.00655615770468997,0.231725064395952,0.0833333333333333,0,0.965640616505661,0.3816
"River_Basin","Sorojo_Marau","Thais rustica",0.0015192260663093,0.00655615770468997,0.231725064395952,0.0833333333333333,0,0.967377255833125,0.3816
"River_Basin","Sorojo_Marau","Epitonium angulatum",0.00148924360216348,0.00253190562854575,0.588190801968738,0.416666666666667,0.4,0.969079621968782,0.9588
"River_Basin","Sorojo_Marau","Oscilla tricordata",0.0014846968775909,0.00528031845193998,0.28117563194421,0.0833333333333333,0.1,0.970776790707633,0.3031
"River_Basin","Sorojo_Marau","Turbonilla rachialis",0.0014846968775909,0.00528031845193998,0.28117563194421,0.0833333333333333,0.1,0.972473959446485,0.6549
"River_Basin","Sorojo_Marau","Granulina ovuliformis",0.00139718826413044,0.00298331838377966,0.468333608550455,0,2.2,0.974071096397442,0.0889
"River_Basin","Sorojo_Marau","Siratus carolinae",0.0013627663768914,0.00528912230577311,0.257654540414756,0,0.1,0.975628885416956,0.9171
"River_Basin","Sorojo_Marau","Odostomia laevigata",0.00136096465762437,0.00231745603571555,0.587266656475816,0.25,1.8,0.977184614876931,0.1348
"River_Basin","Sorojo_Marau","Vexillum pulchellum",0.00132648418743526,0.00486433736003302,0.272695762907829,0.333333333333333,0,0.978700929438829,0.5626
"River_Basin","Sorojo_Marau","Anachis coseli",0.00132414259114918,0.00250387016177964,0.528838360455575,0,1,0.9802145673035,0.929
"River_Basin","Sorojo_Marau","Bulla striata",0.00121544664464205,0.00310113172824001,0.391936477116971,0.25,0,0.981603953972364,0.4927
"River_Basin","Sorojo_Marau","Eulimastoma canaliculatum",0.00107612288462745,0.00293858927765983,0.366203910430254,0,0.8,0.982834078549655,0.3949
"River_Basin","Sorojo_Marau","Olivella mutica",0.00106052909725181,0.00184963311272078,0.573372681294503,0.25,0.6,0.984046377745312,0.8042
"River_Basin","Sorojo_Marau","Smaragdia viridis",0.00103854703241073,0.00241620392831475,0.429825901795919,0,1.1,0.985233549068858,0.0953
"River_Basin","Sorojo_Marau","Ciclosyremiscus pentagonus",0.000958335677303192,0.0015970868624052,0.600052320172457,0.25,0.5,0.986329030158226,0.1552
"River_Basin","Sorojo_Marau","Polystira formosissima",0.000949017351245712,0.00218798022768812,0.433741283050109,0,0.2,0.987413859395407,0.0966
"River_Basin","Sorojo_Marau","Anachis obesa",0.000731679600096284,0.00149257145494655,0.490214118507638,0,1.1,0.988250248130967,0.0951
"River_Basin","Sorojo_Marau","Cerithiopsis cynthiae",0.000725668269397574,0.00231580847890861,0.313354181058861,0,0.2,0.98907976526688,0.2357
"River_Basin","Sorojo_Marau","Pugilina morio",0.000648667635770055,0.00158496129493349,0.409264022940872,0.0833333333333333,0.1,0.989821262369723,0.7863
"River_Basin","Sorojo_Marau","Dolichupis virgo",0.000596179474680871,0.00229127334621589,0.26019570107839,0.0833333333333333,0,0.990502759840651,0.5078
"River_Basin","Sorojo_Marau","Pseudodiala puncturina",0.000586183216546925,0.00196861991899056,0.297763530121904,0,0.1,0.991172830509875,0.2754
"River_Basin","Sorojo_Marau","Elachisina floridana",0.000586183216546925,0.00196861991899056,0.297763530121904,0,0.1,0.991842901179099,0.6035
"River_Basin","Sorojo_Marau","Pyramidella crenulata",0.000501007307978728,0.00104794539143858,0.4780853201625,0,0.9,0.992415606593835,0.0951
"River_Basin","Sorojo_Marau","Melampus caffea",0.000491777847252499,0.00130051919310709,0.378139630586755,0.166666666666667,0,0.992977761739046,0.4225
"River_Basin","Sorojo_Marau","Amphissa cancelata",0.000413121065939293,0.00147491886608536,0.280097485657482,0.166666666666667,0,0.993450003695674,0.62
"River_Basin","Sorojo_Marau","Turbonilla pusilla",0.000347573591821507,0.0010483376779979,0.331547362187055,0,0.9,0.993847317816417,0.251
"River_Basin","Sorojo_Marau","Polygona ogum",0.000341984852401651,0.00112665728718253,0.303539378205119,0.0833333333333333,0.1,0.994238243404944,0.6794
"River_Basin","Sorojo_Marau","Fusinus srigatus",0.000331621046858814,0.00121608434000826,0.272695762907829,0.0833333333333333,0,0.994617322045419,0.5625
"River_Basin","Sorojo_Marau","Diadora sp",0.000331621046858814,0.00121608434000826,0.272695762907829,0.0833333333333333,0,0.994996400685893,0.5625
"River_Basin","Sorojo_Marau","Turbinella laevigata",0.000331621046858814,0.00121608434000826,0.272695762907829,0.0833333333333333,0,0.995375479326368,0.5625
"River_Basin","Sorojo_Marau","Barlleia sp",0.000320313600787368,0.00113067132136548,0.283295060849809,0.166666666666667,0,0.995741632335841,0.9017
"River_Basin","Sorojo_Marau","Calliostoma sp",0.000320313600787368,0.00113067132136548,0.283295060849809,0.166666666666667,0,0.996107785345314,0.6405
"River_Basin","Sorojo_Marau","Rissoina princeps",0.000313781020111637,0.00114655686891608,0.273672443660187,0.0833333333333333,0,0.99646647091017,0.5798
"River_Basin","Sorojo_Marau","Polystira sp",0.000309633584980591,0.00113045103260421,0.273902695517284,0.0833333333333333,0,0.996820415509138,0.5806
"River_Basin","Sorojo_Marau","Turbonilla uruguayesis",0.00030884490519151,0.000694496357254898,0.444703419917516,0.0833333333333333,0.4,0.997173458562003,0.8238
"River_Basin","Sorojo_Marau","Olivella floralia",0.000269291580097723,0.000611439281651246,0.440422439609176,0,0.3,0.997481287896243,0.0953
"River_Basin","Sorojo_Marau","Nassarina thetys",0.000206560532969647,0.000737459433042678,0.280097485657482,0.0833333333333333,0,0.997717408874558,0.6199
"River_Basin","Sorojo_Marau","Volvarina brasiliana",0.000192987041251008,0.000566531141451056,0.340646836741773,0.0833333333333333,0.1,0.997938013887175,0.9751
"River_Basin","Sorojo_Marau","Strombus pugilis",0.000192053004137389,0.000591187714300634,0.324859599568276,0,0.1,0.998157551194584,0.2143
"River_Basin","Sorojo_Marau","Mitrella ocelata",0.000160156800393684,0.000565335660682741,0.283295060849809,0.0833333333333333,0,0.998340627699321,0.6405
"River_Basin","Sorojo_Marau","Littoraria sp",0.000160156800393684,0.000565335660682741,0.283295060849809,0.0833333333333333,0,0.998523704204057,0.9086
"River_Basin","Sorojo_Marau","Turbonilla sp",0.000160156800393684,0.000565335660682741,0.283295060849809,0.0833333333333333,0,0.998706780708794,0.6405
"River_Basin","Sorojo_Marau","Parvituboides interruptus",0.000160156800393684,0.000565335660682741,0.283295060849809,0.0833333333333333,0,0.99888985721353,0.6405
"River_Basin","Sorojo_Marau","Vitrinella cupidinensis",0.000160156800393684,0.000565335660682741,0.283295060849809,0.0833333333333333,0,0.999072933718267,0.6405
"River_Basin","Sorojo_Marau","Astyris lunata",0.00015447715192067,0.000465927856887956,0.331547362187055,0,0.4,0.99924951777193,0.7969
"River_Basin","Sorojo_Marau","Littorina laceolata",0.00015447715192067,0.000465927856887956,0.331547362187055,0,0.4,0.999426101825594,0.2503
"River_Basin","Sorojo_Marau","Melanela arcuata",0.000115857863940502,0.000349445892665967,0.331547362187055,0,0.3,0.999558539865841,0.25
"River_Basin","Sorojo_Marau","Turbonilla multicostata",0.000115857863940502,0.000349445892665967,0.331547362187055,0,0.3,0.999690977906089,0.25
"River_Basin","Sorojo_Marau","Tenaturris sp",0.000115857863940502,0.000349445892665967,0.331547362187055,0,0.3,0.999823415946337,0.7969
"River_Basin","Sorojo_Marau","Melanela polita",3.86192879801674e-05,0.000116481964221989,0.331547362187055,0,0.1,0.999867561959752,0.248
"River_Basin","Sorojo_Marau","Fissurella nimbosa",3.86192879801674e-05,0.000116481964221989,0.331547362187055,0,0.1,0.999911707973168,0.248
"River_Basin","Sorojo_Marau","Alvania sp",3.86192879801674e-05,0.000116481964221989,0.331547362187055,0,0.1,0.999955853986584,0.248
"River_Basin","Sorojo_Marau","Cryoturris diadema",3.86192879801674e-05,0.000116481964221989,0.331547362187055,0,0.1,1,0.248
"River_Basin","Sorojo_Marau","Heliacus bisulcatus",0,0,NA,0,0,1,NA
"River_Basin","Sorojo_Marau","Caecum jucundum",0,0,NA,0,0,1,NA
"River_Basin","Sorojo_Marau","Cerithiopsis lata",0,0,NA,0,0,1,NA
"River_Basin","Sorojo_Marau","Anachis sp",0,0,NA,0,0,1,NA
"River_Basin","Sorojo_Marau","Anachis sp 2",0,0,NA,0,0,1,NA
"River_Basin","Sorojo_Marau","Mitrella dichoroa",0,0,NA,0,0,1,NA
"River_Basin","Sorojo_Marau","Mitrella sp",0,0,NA,0,0,1,NA
"River_Basin","Sorojo_Marau","Vexillum sp",0,0,NA,0,0,1,NA
"River_Basin","Sorojo_Marau","Littorina flava ",0,0,NA,0,0,1,NA
"River_Basin","Sorojo_Marau","Attiliosa sp",0,0,NA,0,0,1,NA
"River_Basin","Sorojo_Marau","Siratus sp",0,0,NA,0,0,1,NA
"River_Basin","Sorojo_Marau","Olivella sp2",0,0,NA,0,0,1,NA
"River_Basin","Sorojo_Marau","Turbonilla krebsii",0,0,NA,0,0,1,NA
"River_Basin","Sorojo_Marau","Zebina browniana",0,0,NA,0,0,1,NA
"River_Basin","Sorojo_Marau","Rissoina catesbyana",0,0,NA,0,0,1,NA
"River_Basin","Sorojo_Marau","Siliquaria modesta (Tenagodus modestus)",0,0,NA,0,0,1,NA
"River_Basin","Sorojo_Marau","Siliquaria squamata (Tenagodus squamatus)",0,0,NA,0,0,1,NA
"River_Basin","Sorojo_Marau","Siliquaria sp",0,0,NA,0,0,1,NA
"River_Basin","Sorojo_Marau","Ciclosyremiscus caraboboensis",0,0,NA,0,0,1,NA
"River_Basin","Sorojo_Marau","Hastula hastata",0,0,NA,0,0,1,NA
"River_Basin","Sorojo_Marau","Hastula imitatrix",0,0,NA,0,0,1,NA
"River_Basin","Sorojo_Marau","Stramonita haemastoma",0,0,NA,0,0,1,NA
"River_Basin","Sorojo_Marau","Calliostoma pulchrum",0,0,NA,0,0,1,NA
"River_Basin","Sorojo_Marau","Ithycytara sp.",0,0,NA,0,0,1,NA
"River_Basin","Sorojo_Marau","Tenaturris gemma",0,0,NA,0,0,1,NA
"River_Basin","Sorojo_Marau","Petaloconchus secretus",0,0,NA,0,0,1,NA
"River_Basin","Sorojo_Marau","Serpulorbis decussatus (Thylacodes decussatus)",0,0,NA,0,0,1,NA
"River_Basin","Serinhaem_Marau","Eulithidium affine",0.1431211155982,0.224897559149221,0.636383587886067,3.25,182.3,0.154446866632812,0.1174
"River_Basin","Serinhaem_Marau","Vitta virginea",0.0928627914110736,0.180158950580865,0.515449224763285,35,1.3,0.254658265211353,0.3448
"River_Basin","Serinhaem_Marau","Cerithium atratum",0.0831226665345274,0.132620741904989,0.626769729535049,2.25,16.8,0.344358763553355,0.8523
"River_Basin","Serinhaem_Marau","Olivella minuta",0.0609262355279301,0.133967638703097,0.45478323062002,5.75,1,0.410106337792777,0.1197
"River_Basin","Serinhaem_Marau","Bittiolum varium",0.0605372328612503,0.0608502561412922,0.994855842852738,5.5,24.1,0.475434126015793,0.9494
"River_Basin","Serinhaem_Marau","Schwartziella bryerea",0.0475851569625042,0.0545358570994509,0.872548071917684,1.5,24.6,0.52678488834301,0.7574
"River_Basin","Serinhaem_Marau","Solariorbis schumoi",0.0345733234090136,0.120855652614927,0.286071215213838,1.5,0.4,0.564094138255482,0.2405
"River_Basin","Serinhaem_Marau","Phrontis polygonata",0.0307305441826247,0.0566288729709929,0.542665650407096,2,0.7,0.597256514324798,0.1069
"River_Basin","Serinhaem_Marau","Barleeia rubrooperculata",0.0269075803271594,0.0569725125120816,0.472290568569419,3,0.1,0.626293399992091,0.1196
"River_Basin","Serinhaem_Marau","Rissoina catesbyana",0.0216503938210517,0.0650675870368485,0.332737001739297,4.125,0,0.649657076784657,0.1615
"River_Basin","Serinhaem_Marau","Costoanachis sertulariarum",0.019589882708357,0.0248193756324943,0.789297966170805,1.625,3,0.670797185910861,0.5559
"River_Basin","Serinhaem_Marau","Stosicia aberrans",0.015638531624288,0.0248428792197005,0.629497550826824,0.625,0.9,0.6876732576073,0.8433
"River_Basin","Serinhaem_Marau","Eulithidium bellum",0.0146615186136478,0.0202397152583716,0.724393521671874,0.625,14.1,0.703495001313614,0.7811
"River_Basin","Serinhaem_Marau","Littorina angulifera",0.012074708921677,0.0295129105496419,0.409133111468857,0.125,1.1,0.716525230645335,0.1144
"River_Basin","Serinhaem_Marau","Anachis isabellei",0.0120306797298476,0.0144637553262848,0.831781197790616,2.25,1.7,0.729507946577723,0.3645
"River_Basin","Serinhaem_Marau","Boonea jadisi",0.0110287107009304,0.0257036268468971,0.429072160385093,0,5.4,0.741409403631345,0.7457
"River_Basin","Serinhaem_Marau","Turbonilla rushi",0.0107703324508222,0.0194351047590407,0.554168993908413,2,1.3,0.753032035921979,0.9962
"River_Basin","Serinhaem_Marau","Cerithiopsis emersoni",0.00979728232299313,0.0187259328348016,0.52319328545199,0.625,0.7,0.763604616704198,0.4202
"River_Basin","Serinhaem_Marau","Alaba incerta ",0.00880878318777522,0.0143370852900047,0.61440543943171,0.5,12.6,0.773110474428359,0.2747
"River_Basin","Serinhaem_Marau","Triphora pulchella",0.0084924925395442,0.0149455222963672,0.56822989328439,1,0.4,0.782275012149805,0.6053
"River_Basin","Serinhaem_Marau","Olivella mutica",0.00768689565530062,0.0223090267404649,0.344564366017719,1.25,0.6,0.790570202856867,0.2311
"River_Basin","Serinhaem_Marau","Costoanachis sparsa",0.00735633014541118,0.0186149843725884,0.395183256572794,0.25,1.7,0.798508669072187,0.4457
"River_Basin","Serinhaem_Marau","Siratus carolinae",0.00687716836152673,0.0206883906124719,0.332416788253257,0.5,0.1,0.805930055499373,0.0691
"River_Basin","Serinhaem_Marau","Anachis coseli",0.00644618640034317,0.0129376016295535,0.498252039668472,1.125,1,0.812886354624787,0.0392
"River_Basin","Serinhaem_Marau","Pleuroploca aurantiaca",0.00626666672714485,0.0194311348859335,0.322506470359658,0.25,0.3,0.819648927961322,0.3441
"River_Basin","Serinhaem_Marau","Steironepio minus",0.00607924663032438,0.0201565895427056,0.301600953744894,0,0.7,0.826209249892976,0.3399
"River_Basin","Serinhaem_Marau","Turbonilla fluminensis",0.00604439709527145,0.0146010541831057,0.413969910629136,0.25,0.7,0.832731964505333,0.3098
"River_Basin","Serinhaem_Marau","Siliquaria squamata (Tenagodus squamatus)",0.00590792789750615,0.0179348122690034,0.329411192539595,1,0,0.839107410561973,0.165
"River_Basin","Serinhaem_Marau","Triphora pompona",0.0057291433457169,0.013064887353308,0.438514561265337,0.375,0.3,0.845289924124264,0.1017
"River_Basin","Serinhaem_Marau","Cerithiopsis gemmulosa",0.00562699559692134,0.0103687285452339,0.542689064755953,0.25,1.1,0.851362206574472,0.7564
"River_Basin","Serinhaem_Marau","Natica  pusilla",0.00539296535190138,0.00635112798302357,0.849135045981857,0.875,1.2,0.85718193902261,0.1234
"River_Basin","Serinhaem_Marau","Pisania pusio",0.00530417199673146,0.0194674186387802,0.272464063939389,0,0.3,0.86290585153931,0.3748
"River_Basin","Serinhaem_Marau","Littorina flava ",0.00518658777383257,0.0208657750506532,0.248569140673746,0.125,0,0.868502874919378,0.0887
"River_Basin","Serinhaem_Marau","Littoraria sp",0.00518658777383257,0.0208657750506532,0.248569140673746,0.125,0,0.874099898299446,0.1009
"River_Basin","Serinhaem_Marau","Ciclosyremiscus caraboboensis",0.00518658777383257,0.0208657750506532,0.248569140673746,0.125,0,0.879696921679513,0.0887
"River_Basin","Serinhaem_Marau","Acteocina bullata",0.00495486532921486,0.00649102041170845,0.763341511032274,1,0.6,0.885043885483465,0.1678
"River_Basin","Serinhaem_Marau","Conus hencksi",0.004891867335695,0.01390146383397,0.351895843065181,0,0.4,0.890322866008621,0.2273
"River_Basin","Serinhaem_Marau","Alaba sp",0.00424176574849152,0.00924462165118367,0.458836057173676,0,5,0.894900299786346,0.2228
"River_Basin","Serinhaem_Marau","Atys guildingi",0.00410841084483703,0.0129275555398055,0.317802606392734,0.25,0.1,0.899333825749117,0.3285
"River_Basin","Serinhaem_Marau","Pilsbryspira zebroides",0.00395667488710241,0.00764870824788951,0.517299752960791,0,1,0.90360360827592,0.7966
"River_Basin","Serinhaem_Marau","Triphora nigrocincta",0.00385051774954139,0.0080340324181626,0.479275854157184,0.125,0.9,0.907758833022772,0.9246
"River_Basin","Serinhaem_Marau","Hastula hastata",0.00354762628659134,0.00760082779843819,0.466742094501905,0.5,0,0.911587197283755,0.0427
"River_Basin","Serinhaem_Marau","Barlleia sp",0.00302342351998301,0.0110311298912681,0.274081037009297,0.125,0,0.914849876499282,0.1732
"River_Basin","Serinhaem_Marau","Turbonilla rachialis",0.00297432339004236,0.00647808105937031,0.459136488534689,0.75,0.1,0.918059570093583,0.2096
"River_Basin","Serinhaem_Marau","Siliquaria sp",0.00295396394875308,0.00896740613450168,0.329411192539595,0.5,0,0.921247293121903,0.165
"River_Basin","Serinhaem_Marau","Epitonium angulatum",0.00294051608481663,0.00471806808487372,0.623245792964289,0.375,0.4,0.924420504102582,0.2093
"River_Basin","Serinhaem_Marau","Finella dubia",0.00290004367652435,0.00382319549186405,0.758539206979027,0.125,2.6,0.92755003993009,0.9807
"River_Basin","Serinhaem_Marau","Pyrgocythara caribaea",0.00272260136332426,0.00612321991230958,0.444635567938853,0.5,0.4,0.930488091718592,0.8639
"River_Basin","Serinhaem_Marau","Ithycytara sp.",0.00262429016012748,0.00788698024689073,0.332737001739297,0.5,0,0.933320052541934,0.1615
"River_Basin","Serinhaem_Marau","Cylichna discus",0.00241569098719366,0.00664569444792751,0.363497149338096,0,0.2,0.935926906898579,0.962
"River_Basin","Serinhaem_Marau","Anachis sp 2",0.00221547296156481,0.00672555460087626,0.329411192539595,0.375,0,0.938317699169819,0.165
"River_Basin","Serinhaem_Marau","Olivella sp2",0.00221547296156481,0.00672555460087626,0.329411192539595,0.375,0,0.940708491441059,0.165
"River_Basin","Serinhaem_Marau","Turbonilla krebsii",0.00221547296156481,0.00672555460087626,0.329411192539595,0.375,0,0.943099283712299,0.165
"River_Basin","Serinhaem_Marau","Serpulorbis decussatus (Thylacodes decussatus)",0.00221547296156481,0.00672555460087626,0.329411192539595,0.375,0,0.945490075983539,0.165
"River_Basin","Serinhaem_Marau","Pilsbryspira sp",0.00212586371840448,0.00548260270602423,0.387747176367275,0,0.2,0.947784167870844,0.3491
"River_Basin","Serinhaem_Marau","Anachis sp",0.00207064431221481,0.00464223454126523,0.446044742851459,0.25,0,0.950018670617668,0.0405
"River_Basin","Serinhaem_Marau","Mitrella sp",0.00207064431221481,0.00464223454126523,0.446044742851459,0.25,0,0.952253173364491,0.0405
"River_Basin","Serinhaem_Marau","Volvarina brasiliana",0.00207039300513701,0.00430536691258513,0.480886541652232,0.375,0.1,0.954487404917295,0.0742
"River_Basin","Serinhaem_Marau","Turbonilla fasciata",0.00194290096484952,0.00627525010100344,0.309613311593564,0,0.3,0.956584055470532,0.9973
"River_Basin","Serinhaem_Marau","Macrocypraea zebra",0.00180715309836711,0.00647942062963117,0.278906587743784,0,0.2,0.958534215881188,0.3684
"River_Basin","Serinhaem_Marau","Boonea seminuda",0.00173934355018708,0.0042593188859934,0.408361899341898,0.25,0.3,0.960411200700665,0.4498
"River_Basin","Serinhaem_Marau","Melanela breviuscula",0.00168899829249533,0.00424153894380188,0.398204122341833,0,0.3,0.962233856239184,0.2142
"River_Basin","Serinhaem_Marau","Alvania auberiana",0.00167109604125708,0.00303911632036058,0.549862481426448,0,2.3,0.96403719284913,0.1637
"River_Basin","Serinhaem_Marau","Astyris lunata",0.00161396263297138,0.00446009073257827,0.361867668113198,0.25,0.4,0.965778874853795,0.1323
"River_Basin","Serinhaem_Marau","Calliostoma pulchrum",0.00149136077122917,0.00488692049147611,0.305173938031209,0.125,0,0.967388253016987,0.1317
"River_Basin","Serinhaem_Marau","Oscilla tricordata",0.00147823006345464,0.00525570680824927,0.281261896332275,0,0.1,0.968983461386547,0.4294
"River_Basin","Serinhaem_Marau","Cerithiopsis lata",0.00147698197437654,0.00448370306725084,0.329411192539595,0.25,0,0.970577322900707,0.165
"River_Basin","Serinhaem_Marau","Mitrella dichoroa",0.00147698197437654,0.00448370306725084,0.329411192539595,0.25,0,0.972171184414867,0.165
"River_Basin","Serinhaem_Marau","Siliquaria modesta (Tenagodus modestus)",0.00147698197437654,0.00448370306725084,0.329411192539595,0.25,0,0.973765045929027,0.165
"River_Basin","Serinhaem_Marau","Granulina ovuliformis",0.00146864474353901,0.00307464499815527,0.477663191822203,0,2.2,0.975349910453652,0.2662
"River_Basin","Serinhaem_Marau","Eulimastoma canaliculatum",0.0013490067825653,0.00305948909238466,0.440925508093197,0.125,0.8,0.976805669582993,0.1989
"River_Basin","Serinhaem_Marau","Hastula imitatrix",0.00133215332502654,0.00430312858161065,0.309577857078097,0.125,0,0.978243241572737,0.1352
"River_Basin","Serinhaem_Marau","Tenaturris gemma",0.00133215332502654,0.00430312858161065,0.309577857078097,0.125,0,0.97968081356248,0.1352
"River_Basin","Serinhaem_Marau","Smaragdia viridis",0.00108347555373532,0.00252874944990074,0.428462991372219,0,1.1,0.98085002890606,0.2112
"River_Basin","Serinhaem_Marau","Polystira formosissima",0.00104136463754549,0.00231966385547543,0.448929113193454,0,0.2,0.981973800926833,0.1623
"River_Basin","Serinhaem_Marau","Pugilina morio",0.00097018568823262,0.00218919270963587,0.443170527638925,0.125,0.1,0.983020761320995,0.3584
"River_Basin","Serinhaem_Marau","Attiliosa sp",0.000915812117738302,0.00202147738333009,0.453040991351401,0.25,0,0.984009045344759,0.051
"River_Basin","Serinhaem_Marau","Turbonilla uruguayesis",0.000885172848732279,0.00223998784897266,0.395168593944941,0.125,0.4,0.984964265490604,0.2863
"River_Basin","Serinhaem_Marau","Tenaturris decora",0.000868463804332055,0.00287951279181509,0.301600953744894,0,0.1,0.985901454337983,0.7575
"River_Basin","Serinhaem_Marau","Odostomia laevigata",0.000867079321814065,0.00203616001479873,0.425840462199516,0,1.8,0.986837149143159,0.6695
"River_Basin","Serinhaem_Marau","Elachisina floridana",0.000854519110034707,0.00213532081924952,0.400183008722331,0.125,0.1,0.987759289796347,0.2273
"River_Basin","Serinhaem_Marau","Tenaturris sp",0.000846077082608985,0.00223189767449647,0.37908417230636,0.125,0.3,0.988672320370436,0.1155
"River_Basin","Serinhaem_Marau","Cerithiopsis cynthiae",0.000787461965191309,0.00246727752772883,0.319162297853124,0,0.2,0.989522097376491,0.3562
"River_Basin","Serinhaem_Marau","Syntomodrillia hypsela",0.000781915322465881,0.00236277127150588,0.330931449817205,0,2,0.990365888811614,0.7629
"River_Basin","Serinhaem_Marau","Anachis obesa",0.000756764490545779,0.00154331916211247,0.4903486648283,0,1.1,0.991182539128063,0.2778
"River_Basin","Serinhaem_Marau","Heliacus bisulcatus",0.000738490987188269,0.00224185153362542,0.329411192539595,0.125,0,0.991979469885143,0.165
"River_Basin","Serinhaem_Marau","Caecum jucundum",0.000738490987188269,0.00224185153362542,0.329411192539595,0.125,0,0.992776400642223,0.165
"River_Basin","Serinhaem_Marau","Petaloconchus secretus",0.000738490987188269,0.00224185153362542,0.329411192539595,0.125,0,0.993573331399303,0.165
"River_Basin","Serinhaem_Marau","Vexillum sp",0.00065607254003187,0.00197174506172268,0.332737001739297,0.125,0,0.994281321605138,0.1615
"River_Basin","Serinhaem_Marau","Siratus sp",0.00065607254003187,0.00197174506172268,0.332737001739297,0.125,0,0.994989311810973,0.1615
"River_Basin","Serinhaem_Marau","Stramonita haemastoma",0.00065607254003187,0.00197174506172268,0.332737001739297,0.125,0,0.995697302016809,0.1615
"River_Basin","Serinhaem_Marau","Pseudodiala puncturina",0.00064763365494984,0.00209175003366781,0.309613311593564,0,0.1,0.996396185534554,0.3625
"River_Basin","Serinhaem_Marau","Pyramidella crenulata",0.000515217426704419,0.00107236130559323,0.480451340436422,0,0.9,0.996952174193925,0.2884
"River_Basin","Serinhaem_Marau","Turbonilla pusilla",0.000351861895109646,0.00106324707217765,0.330931449817205,0,0.9,0.997331880339731,0.3932
"River_Basin","Serinhaem_Marau","Polygona ogum",0.0002900449078241,0.000734319144415597,0.394984810119489,0.125,0.1,0.99764487767076,0.6649
"River_Basin","Serinhaem_Marau","Olivella floralia",0.000280642829964655,0.000639325971086966,0.438966728486742,0,0.3,0.997947728899594,0.2114
"River_Basin","Serinhaem_Marau","Bulla striata",0.000259739577706432,0.000737375317303645,0.352248809542771,0.125,0,0.998228022717524,0.8875
"River_Basin","Serinhaem_Marau","Zebina browniana",0.000259739577706432,0.000737375317303645,0.352248809542771,0.125,0,0.998508316535453,0.2037
"River_Basin","Serinhaem_Marau","Seila adamsii",0.000241547063841361,0.000618787437919657,0.390355474334505,0,0.2,0.99876897819253,0.9965
"River_Basin","Serinhaem_Marau","Strombus pugilis",0.000202451297718067,0.000620460739898443,0.326291874246876,0,0.1,0.998987450277852,0.3714
"River_Basin","Serinhaem_Marau","Ciclosyremiscus pentagonus",0.00019547883061647,0.00059069281787647,0.330931449817205,0,0.5,0.999198398136633,0.9677
"River_Basin","Serinhaem_Marau","Littorina laceolata",0.000156383064493176,0.000472554254301176,0.330931449817205,0,0.4,0.999367156423658,0.3927
"River_Basin","Serinhaem_Marau","Melanela arcuata",0.000117287298369882,0.000354415690725882,0.330931449817205,0,0.3,0.999493725138926,0.3925
"River_Basin","Serinhaem_Marau","Turbonilla multicostata",0.000117287298369882,0.000354415690725882,0.330931449817205,0,0.3,0.999620293854195,0.3925
"River_Basin","Serinhaem_Marau","Isellica anomala",7.81915322465881e-05,0.000236277127150588,0.330931449817205,0,0.2,0.999704672997707,0.9909
"River_Basin","Serinhaem_Marau","Peristichia agria",7.81915322465881e-05,0.000236277127150588,0.330931449817205,0,0.2,0.999789052141219,0.9895
"River_Basin","Serinhaem_Marau","Melanela polita",3.9095766123294e-05,0.000118138563575294,0.330931449817205,0,0.1,0.999831241712975,0.3896
"River_Basin","Serinhaem_Marau","Fissurella nimbosa",3.9095766123294e-05,0.000118138563575294,0.330931449817205,0,0.1,0.999873431284731,0.3896
"River_Basin","Serinhaem_Marau","Alvania sp",3.9095766123294e-05,0.000118138563575294,0.330931449817205,0,0.1,0.999915620856488,0.3896
"River_Basin","Serinhaem_Marau","Cryoturris diadema",3.9095766123294e-05,0.000118138563575294,0.330931449817205,0,0.1,0.999957810428244,0.3896
"River_Basin","Serinhaem_Marau","Ithycytara lanceolata",3.9095766123294e-05,0.000118138563575294,0.330931449817205,0,0.1,1,0.9912
"River_Basin","Serinhaem_Marau","Mirachelus clinocnemus",0,0,NA,0,0,1,NA
"River_Basin","Serinhaem_Marau","Amphissa cancelata",0,0,NA,0,0,1,NA
"River_Basin","Serinhaem_Marau","Mitrella ocelata",0,0,NA,0,0,1,NA
"River_Basin","Serinhaem_Marau","Nassarina thetys",0,0,NA,0,0,1,NA
"River_Basin","Serinhaem_Marau","Parvanachis obesa",0,0,NA,0,0,1,NA
"River_Basin","Serinhaem_Marau","Vexillum pulchellum",0,0,NA,0,0,1,NA
"River_Basin","Serinhaem_Marau","Melampus caffea",0,0,NA,0,0,1,NA
"River_Basin","Serinhaem_Marau","Fusinus srigatus",0,0,NA,0,0,1,NA
"River_Basin","Serinhaem_Marau","Diadora sp",0,0,NA,0,0,1,NA
"River_Basin","Serinhaem_Marau","Volvarina gracilis",0,0,NA,0,0,1,NA
"River_Basin","Serinhaem_Marau","Olivella watermami",0,0,NA,0,0,1,NA
"River_Basin","Serinhaem_Marau","Turbonilla sp",0,0,NA,0,0,1,NA
"River_Basin","Serinhaem_Marau","Rissoina princeps",0,0,NA,0,0,1,NA
"River_Basin","Serinhaem_Marau","Thais rustica",0,0,NA,0,0,1,NA
"River_Basin","Serinhaem_Marau","Triphora turristhomae",0,0,NA,0,0,1,NA
"River_Basin","Serinhaem_Marau","Dolichupis virgo",0,0,NA,0,0,1,NA
"River_Basin","Serinhaem_Marau","Calliostoma sp",0,0,NA,0,0,1,NA
"River_Basin","Serinhaem_Marau","Polystira sp",0,0,NA,0,0,1,NA
"River_Basin","Serinhaem_Marau","Turbinella laevigata",0,0,NA,0,0,1,NA
"River_Basin","Serinhaem_Marau","Parvituboides interruptus",0,0,NA,0,0,1,NA
"River_Basin","Serinhaem_Marau","Vitrinella cupidinensis",0,0,NA,0,0,1,NA
